employee_sk,emp_id,full_name,dept_id,job_title,employment_type,pay_type,hourly_rate,hire_date,term_date,eff_start_date,eff_end_date,is_current
1,E10001,Robert Martinez,D148,Customer Service Associate,FT,HOURLY,35.00,2019-07-09,,2019-07-09,2023-12-31,N
10,E10005,James Jones,D134,Benefits Coordinator,FT,HOURLY,22.25,2022-11-29,2024-03-13,2024-03-13,9999-12-31,Y
100,E10073,Sarah Brown,D134,Payroll Specialist,FT,HOURLY,28.25,2014-07-12,,2014-07-12,9999-12-31,Y
101,E10074,Chloe Martin,D109,Field Technician,FT,HOURLY,19.25,2018-03-26,,2018-03-26,9999-12-31,Y
102,E10075,Maria Flores,D123,Implementation Analyst,FT,HOURLY,19.00,2014-07-31,,2014-07-31,9999-12-31,Y
103,E10076,Matthew Jackson,D999,Benefits Coordinator,FT,HOURLY,30.00,2013-01-30,,2013-01-30,9999-12-31,Y
104,E10077,Patricia Sanchez,D125,Software Engineer,FT,SALARY,45.25,2015-08-08,,2015-08-08,9999-12-31,Y
105,E10078,Edward Flores,D106,Finance Manager,FT,SALARY,48.75,2021-07-08,,2021-07-08,9999-12-31,Y
106,E10079,Sofia Robinson,D129,Software Engineer,FT,SALARY,60.75,2017-07-18,,2017-07-18,9999-12-31,Y
107,E10080,Steven Ramirez,D118,Benefits Coordinator,FT,HOURLY,41.25,2019-02-25,,2019-02-25,9999-12-31,Y
108,E10081,Emily White,D108,Mailroom Associate,FT,HOURLY,37.00,2013-12-23,,2013-12-23,2023-10-26,N
109,E10081,Emily White,D108,Mailroom Associate,FT,HOURLY,37.00,2013-12-23,2023-10-27,2023-10-27,9999-12-31,Y
11,E10006,Anthony Thompson,D140,Field Technician,FT,HOURLY,32.50,2020-09-03,,2020-09-03,9999-12-31,Y
110,E10082,Andrew Flores,D144,Mailroom Associate,FT,HOURLY,30.50,2017-07-13,,2017-07-13,9999-12-31,Y
111,E10083,Sofia King,D119,Payroll Specialist,FT,HOURLY,20.75,2020-06-03,,2020-06-03,9999-12-31,Y
112,E10084,Edward Williams,D106,Customer Service Associate,PT,HOURLY,22.50,2021-09-15,,2021-09-15,9999-12-31,Y
113,E10085,Carlos Moore,D117,Benefits Coordinator,FT,HOURLY,20.25,2022-11-23,,2022-11-23,9999-12-31,Y
114,E10086,Andrew Jones,D141,Mailroom Associate,FT,HOURLY,36.25,2014-05-30,,2014-05-30,9999-12-31,Y
115,E10087,Nancy Perez,D101,Finance Manager,FT,SALARY,78.75,2021-10-29,,2021-10-29,9999-12-31,Y
116,E10088,Sarah Rodriguez,D102,Finance Manager,FT,SALARY,72.25,2020-05-03,,2020-05-03,9999-12-31,Y
117,E10089,Matthew Walker,D120,Finance Manager,FT,SALARY,84.75,2013-12-24,,2013-12-24,9999-12-31,Y
118,E10090,Jessica Johnson,D104,Customer Service Associate,FT,HOURLY,27.25,2017-09-03,,2017-09-03,9999-12-31,Y
119,E10091,Ravi Flores,D124,Field Technician,TEMP,HOURLY,18.25,2017-08-26,,2017-08-26,9999-12-31,Y
12,E10007,Chloe Wilson,D117,HR Business Partner,FT,SALARY,75.50,2019-12-01,,2019-12-01,9999-12-31,Y
120,E10092,Grace Kowalski,D114,Customer Service Associate,FT,HOURLY,39.75,2021-08-05,,2021-08-05,9999-12-31,Y
121,E10093,Luis Haddad,D113,Mailroom Associate,FT,HOURLY,36.00,2022-05-01,,2022-05-01,9999-12-31,Y
122,E10094,Carlos Gonzalez,D132,Payroll Specialist,FT,HOURLY,30.00,2015-05-04,,2015-05-04,9999-12-31,Y
123,E10095,Maria King,D139,Implementation Analyst,FT,HOURLY,28.00,2017-11-17,,2017-11-17,9999-12-31,Y
124,E10096,Elizabeth Lee,D123,Payroll Specialist,FT,HOURLY,36.75,2020-10-18,,2020-10-18,9999-12-31,Y
125,E10097,Sofia Taylor,D128,Software Engineer,FT,SALARY,57.75,2014-04-27,,2014-04-27,9999-12-31,Y
126,E10098,Jessica Moore,D135,Product Manager,FT,SALARY,43.75,2020-09-10,,2020-09-10,9999-12-31,Y
127,E10099,Nancy Scott,D146,Product Manager,FT,SALARY,77.00,2019-11-10,,2019-11-10,9999-12-31,Y
128,E10100,Jessica King,D132,Field Technician,FT,HOURLY,40.75,2016-01-20,,2016-01-20,9999-12-31,Y
129,E10101,Linda Brown,D120,Mailroom Associate,FT,HOURLY,19.00,2019-01-13,,2019-01-13,9999-12-31,Y
13,E10008,Mei Anderson,D104,HR Business Partner,FT,SALARY,66.50,2017-12-05,,2017-12-05,9999-12-31,Y
130,E10102,Michael White,D105,Mailroom Associate,FT,HOURLY,40.75,2013-12-17,,2013-12-17,9999-12-31,Y
131,E10103,Chloe Wilson,D135,Customer Service Associate,FT,HOURLY,21.50,2014-02-20,,2014-02-20,9999-12-31,Y
132,E10104,Edward Martin,D110,Implementation Analyst,TEMP,HOURLY,20.50,2018-06-09,,2018-06-09,9999-12-31,Y
133,E10105,Hannah O'Brien,D131,Customer Service Associate,PT,HOURLY,26.25,2023-06-23,,2023-06-23,9999-12-31,Y
134,E10106,Mark White,D146,Implementation Analyst,FT,HOURLY,31.25,2023-12-03,,2023-12-03,9999-12-31,Y
135,E10107,Jessica Walker,D116,Software Engineer,FT,SALARY,61.00,2023-07-13,,2023-07-13,9999-12-31,Y
136,E10108,Priya Thompson,D136,HR Business Partner,FT,SALARY,75.50,2023-06-12,,2023-06-12,9999-12-31,Y
137,E10109,Leah Sanchez,D126,Software Engineer,FT,SALARY,65.25,2023-12-04,,2023-12-04,9999-12-31,Y
138,E10110,Kevin Lewis,D145,Customer Service Associate,FT,HOURLY,35.75,2023-05-29,,2023-05-29,9999-12-31,Y
139,E10111,Grace Jones,D133,Mailroom Associate,FT,HOURLY,31.25,2023-12-13,,2023-12-13,9999-12-31,Y
14,E10009,Chloe King,D108,Finance Manager,FT,SALARY,64.75,2020-11-06,,2020-11-06,9999-12-31,Y
140,E10112,James Taylor,D130,Customer Service Associate,PT,HOURLY,17.75,2023-06-11,,2023-06-11,9999-12-31,Y
141,E10113,George Hernandez,D143,Customer Service Associate,FT,HOURLY,19.00,2024-01-08,,2024-01-08,9999-12-31,Y
142,E10114,Lisa O'Brien,D107,Field Technician,FT,HOURLY,30.75,2024-01-22,,2024-01-22,9999-12-31,Y
143,E10115,Sarah Thompson,D110,Benefits Coordinator,FT,HOURLY,32.50,2024-02-05,,2024-02-05,9999-12-31,Y
144,E10116,Mei Walker,D118,Mailroom Associate,FT,HOURLY,41.25,2024-02-19,,2024-02-19,9999-12-31,Y
145,E10117,William Smith,D102,Finance Manager,FT,SALARY,69.50,2024-03-01,,2024-03-01,9999-12-31,Y
146,E10118,Kevin Patel,D123,Finance Manager,FT,SALARY,68.25,2024-03-04,,2024-03-04,9999-12-31,Y
147,E10119,Thomas Brown,D124,HR Business Partner,FT,SALARY,53.75,2024-03-11,,2024-03-11,9999-12-31,Y
15,E10010,Richard Lewis,D111,Customer Service Associate,FT,HOURLY,34.75,2016-01-03,,2016-01-03,9999-12-31,Y
16,E10011,Kenji Brown,D136,Benefits Coordinator,FT,HOURLY,33.00,2018-04-15,,2018-04-15,2024-03-12,N
17,E10011,Kenji Brown,D101,Benefits Coordinator,FT,HOURLY,33.00,2018-04-15,,2024-03-13,9999-12-31,Y
18,E10012,James Johnson,D146,Mailroom Associate,FT,HOURLY,29.25,2016-08-08,,2016-08-08,2023-12-31,N
19,E10012,James Johnson,D146,Mailroom Associate,FT,HOURLY,30.00,2016-08-08,,2024-01-01,9999-12-31,Y
2,E10001,Robert Martinez,D148,Customer Service Associate,FT,HOURLY,36.25,2019-07-09,,2024-01-01,9999-12-31,Y
20,E10013,Kenji Thompson,D112,Mailroom Associate,TEMP,HOURLY,37.50,2017-03-28,,2017-03-28,2024-03-10,N
21,E10013,Kenji Thompson,D112,Mailroom Associate,TEMP,HOURLY,38.00,2017-03-28,,2024-03-11,9999-12-31,Y
22,E10014,Olga Jones,D130,Data Entry Clerk,PT,HOURLY,30.75,2014-08-27,,2014-08-27,2023-05-14,N
23,E10014,Olga Jones,D127,Data Entry Clerk,PT,HOURLY,30.75,2014-08-27,,2023-05-15,9999-12-31,Y
24,E10015,Priya Williams,D133,Benefits Coordinator,FT,HOURLY,19.50,2016-03-08,,2016-03-08,2024-01-11,N
25,E10015,Priya Williams,D133,Benefits Coordinator,FT,HOURLY,19.50,2016-03-08,2024-01-12,2024-01-12,9999-12-31,Y
26,E10016,Chloe Davis,D109,Benefits Coordinator,FT,HOURLY,38.50,2016-06-17,,2016-06-17,9999-12-31,Y
27,E10017,Jennifer White,D148,HR Business Partner,FT,SALARY,74.50,2013-04-27,,2013-04-27,9999-12-31,Y
28,E10018,George Jackson,D114,Finance Manager,FT,SALARY,63.75,2015-06-10,,2015-06-10,9999-12-31,Y
29,E10019,Emily Perez,D134,Finance Manager,FT,SALARY,49.00,2021-09-19,,2021-09-19,9999-12-31,Y
3,E10002,George Rossi,D121,Mailroom Associate,FT,HOURLY,23.00,2012-02-13,,2012-02-13,2024-03-12,N
30,E10020,Karen Lee,D106,Payroll Specialist,FT,HOURLY,38.25,2019-11-03,,2019-11-03,9999-12-31,Y
31,E10021,Chloe Sanchez,D146,Mailroom Associate,PT,HOURLY,18.25,2019-07-24,,2019-07-24,2023-06-30,N
32,E10021,Chloe Sanchez,D104,Mailroom Associate,PT,HOURLY,18.25,2019-07-24,,2023-07-01,9999-12-31,Y
33,E10022,Richard Moore,D122,Customer Service Associate,FT,HOURLY,40.00,2019-08-20,,2019-08-20,2024-03-14,N
34,E10022,Richard Moore,D122,Customer Service Associate,FT,HOURLY,40.00,2019-08-20,2024-03-15,2024-03-15,9999-12-31,Y
35,E10023,Hannah Perez,D129,Payroll Specialist,FT,HOURLY,32.75,2019-06-14,,2019-06-14,9999-12-31,Y
36,E10024,Sarah Kowalski,D136,Customer Service Associate,FT,HOURLY,37.75,2018-12-26,,2018-12-26,2024-03-12,N
37,E10024,Sarah Kowalski,D145,Customer Service Associate,FT,HOURLY,37.75,2018-12-26,,2024-03-13,9999-12-31,Y
38,E10025,Robert Lopez,D136,Payroll Specialist,FT,HOURLY,21.75,2014-10-05,,2014-10-05,9999-12-31,Y
39,E10026,Thomas Martin,D144,Field Technician,TEMP,HOURLY,28.00,2016-03-26,,2016-03-26,9999-12-31,Y
4,E10002,George Rossi,D131,Mailroom Associate,FT,HOURLY,23.00,2012-02-13,,2024-03-13,9999-12-31,Y
40,E10027,Brian Taylor,D101,Finance Manager,FT,SALARY,73.00,2014-02-05,,2014-02-05,2024-01-30,N
41,E10027,Brian Taylor,D101,Finance Manager,FT,SALARY,73.00,2014-02-05,2024-01-31,2024-01-31,9999-12-31,Y
42,E10028,Fatima O'Brien,D144,HR Business Partner,FT,SALARY,39.50,2022-04-23,,2022-04-23,9999-12-31,Y
43,E10029,Joseph Moore,D125,HR Business Partner,FT,SALARY,77.00,2015-06-03,,2015-06-03,9999-12-31,Y
44,E10030,Kevin Young,D128,Field Technician,FT,HOURLY,21.75,2019-10-21,,2019-10-21,2023-12-31,N
45,E10030,Kevin Young,D128,Field Technician,FT,HOURLY,23.75,2019-10-21,,2024-01-01,9999-12-31,Y
46,E10031,Sofia Lewis,D146,Benefits Coordinator,FT,HOURLY,30.75,2012-01-17,,2012-01-17,9999-12-31,Y
47,E10032,Patricia Hernandez,D119,Mailroom Associate,FT,HOURLY,23.50,2013-07-16,,2013-07-16,9999-12-31,Y
48,E10033,Edward Torres,D140,Mailroom Associate,FT,HOURLY,24.75,2012-12-28,,2012-12-28,2023-09-17,N
49,E10033,Edward Torres,D141,Mailroom Associate,FT,HOURLY,24.75,2012-12-28,,2023-09-18,9999-12-31,Y
5,E10003,David Walker,D111,Payroll Specialist,FT,HOURLY,24.75,2016-04-30,,2016-04-30,2023-01-31,N
50,E10034,Edward Sanchez,D114,Data Entry Clerk,FT,HOURLY,16.25,2017-08-27,,2017-08-27,9999-12-31,Y
51,E10035,Olga Ramirez,D108,Field Technician,PT,HOURLY,32.25,2015-01-28,,2015-01-28,9999-12-31,Y
52,E10036,Ingrid King,D125,Implementation Analyst,FT,HOURLY,40.25,2018-01-13,,2018-01-13,9999-12-31,Y
53,E10037,William Ramirez,D130,Product Manager,FT,SALARY,40.00,2019-11-29,,2019-11-29,9999-12-31,Y
54,E10038,Thomas Jackson,D146,HR Business Partner,FT,SALARY,45.25,2016-06-17,,2016-06-17,2024-02-01,N
55,E10038,Thomas Jackson,D146,HR Business Partner,FT,SALARY,45.25,2016-06-17,2024-02-02,2024-02-02,9999-12-31,Y
56,E10039,Daniel Schmidt,D114,Finance Manager,FT,SALARY,78.50,2022-09-03,,2022-09-03,9999-12-31,Y
57,E10040,James Rodriguez,D148,Field Technician,FT,HOURLY,21.75,2017-04-03,,2017-04-03,9999-12-31,Y
58,E10041,Joseph Haddad,D120,Field Technician,FT,HOURLY,23.75,2019-07-26,,2019-07-26,2023-12-31,N
59,E10041,Joseph Haddad,D120,Field Technician,FT,HOURLY,25.25,2019-07-26,,2024-01-01,9999-12-31,Y
6,E10003,David Walker,D112,Payroll Specialist,FT,HOURLY,24.75,2016-04-30,,2023-02-01,9999-12-31,Y
60,E10042,Richard Patel,D138,Payroll Specialist,PT,HOURLY,40.50,2022-01-11,,2022-01-11,9999-12-31,Y
61,E10043,Susan Thompson,D122,Implementation Analyst,FT,HOURLY,28.25,2019-12-30,,2019-12-30,9999-12-31,Y
62,E10044,Amara Williams,D119,Customer Service Associate,FT,HOURLY,37.50,2013-11-05,,2013-11-05,9999-12-31,Y
63,E10045,Matthew Young,D149,Implementation Analyst,FT,HOURLY,32.25,2013-04-17,,2013-04-17,9999-12-31,Y
64,E10046,Amara Young,D105,Benefits Coordinator,FT,HOURLY,16.00,2017-12-27,,2017-12-27,2023-11-05,N
65,E10046,Amara Young,D118,Benefits Coordinator,FT,HOURLY,16.00,2017-12-27,,2023-11-06,9999-12-31,Y
66,E10047,Steven Haddad,D117,Product Manager,FT,SALARY,61.00,2017-08-25,,2017-08-25,9999-12-31,Y
67,E10048,Priya Anderson,D120,Product Manager,FT,SALARY,39.25,2019-03-30,,2019-03-30,9999-12-31,Y
68,E10049,Kenji Taylor,D140,Software Engineer,FT,SALARY,68.25,2019-07-13,,2019-07-13,2024-02-15,N
69,E10049,Kenji Taylor,D140,Software Engineer,FT,SALARY,68.25,2019-07-13,2024-02-16,2024-02-16,9999-12-31,Y
7,E10004,Chloe Young,D122,Mailroom Associate,FT,HOURLY,20.50,2021-02-05,,2021-02-05,2024-03-10,N
70,E10050,Omar Torres,D115,Mailroom Associate,FT,HOURLY,17.75,2015-10-04,,2015-10-04,9999-12-31,Y
71,E10051,Matthew Ramirez,D110,Benefits Coordinator,FT,HOURLY,40.50,2012-02-17,,2012-02-17,9999-12-31,Y
72,E10052,Emily Garcia,D119,Benefits Coordinator,TEMP,HOURLY,38.25,2017-10-24,,2017-10-24,2023-12-03,N
73,E10052,Emily Garcia,D133,Benefits Coordinator,TEMP,HOURLY,38.25,2017-10-24,,2023-12-04,9999-12-31,Y
74,E10053,Jessica Davis,D129,Data Entry Clerk,FT,HOURLY,19.25,2013-07-23,,2013-07-23,9999-12-31,Y
75,E10054,Diego Brown,D143,Customer Service Associate,FT,HOURLY,40.00,2018-06-30,,2018-06-30,9999-12-31,Y
76,E10055,George Thompson,D116,Data Entry Clerk,FT,HOURLY,29.50,2014-10-17,,2014-10-17,2023-03-30,N
77,E10055,George Thompson,D116,Data Entry Clerk,FT,HOURLY,29.50,2014-10-17,2023-03-31,2023-03-31,9999-12-31,Y
78,E10056,Edward Robinson,D134,Field Technician,PT,HOURLY,21.75,2016-08-12,,2016-08-12,9999-12-31,Y
79,E10057,Carlos King,D141,Finance Manager,FT,SALARY,81.75,2014-04-22,,2014-04-22,2024-02-28,N
8,E10004,Chloe Young,D122,Mailroom Associate,FT,HOURLY,21.50,2021-02-05,,2024-03-11,9999-12-31,Y
80,E10057,Carlos King,D141,Finance Manager,FT,SALARY,81.75,2014-04-22,2024-02-29,2024-02-29,9999-12-31,Y
81,E10058,Luis Thompson,D110,Finance Manager,FT,SALARY,57.00,2021-09-26,,2021-09-26,9999-12-31,Y
82,E10059,Sofia King,D116,Software Engineer,FT,SALARY,82.75,2013-02-03,,2013-02-03,9999-12-31,Y
83,E10060,Brian Young,D136,Customer Service Associate,FT,HOURLY,39.50,2012-04-16,,2012-04-16,2024-02-14,N
84,E10060,Brian Young,D109,Customer Service Associate,FT,HOURLY,39.50,2012-04-16,,2024-02-15,9999-12-31,Y
85,E10061,George Brown,D125,Payroll Specialist,FT,HOURLY,23.50,2012-04-16,,2012-04-16,9999-12-31,Y
86,E10062,Joseph Martin,D109,Data Entry Clerk,FT,HOURLY,37.75,2016-01-12,,2016-01-12,9999-12-31,Y
87,E10063,Edward Thompson,D126,Implementation Analyst,PT,HOURLY,21.00,2019-03-26,,2019-03-26,2024-02-29,N
88,E10063,Edward Thompson,D126,Implementation Analyst,PT,HOURLY,21.00,2019-03-26,2024-03-01,2024-03-01,9999-12-31,Y
89,E10064,Omar White,D113,Data Entry Clerk,FT,HOURLY,35.00,2021-01-03,,2021-01-03,9999-12-31,Y
9,E10005,James Jones,D134,Benefits Coordinator,FT,HOURLY,22.25,2022-11-29,,2022-11-29,2024-03-12,N
90,E10065,Patricia Williams,D115,Field Technician,TEMP,HOURLY,24.00,2014-02-25,,2014-02-25,9999-12-31,Y
91,E10066,Omar King,D104,Customer Service Associate,FT,HOURLY,39.50,2018-08-29,,2018-08-29,9999-12-31,Y
92,E10067,Joseph Thompson,D145,HR Business Partner,FT,SALARY,77.25,2018-07-01,,2018-07-01,9999-12-31,Y
93,E10068,Daniel Walker,D111,Product Manager,FT,SALARY,72.25,2019-03-24,,2019-03-24,2023-08-10,N
94,E10068,Daniel Walker,D111,Product Manager,FT,SALARY,72.25,2019-03-24,2023-08-11,2023-08-11,9999-12-31,Y
95,E10069,Edward Okafor,D106,HR Business Partner,FT,SALARY,59.75,2017-05-25,,2017-05-25,9999-12-31,Y
96,E10070,Sofia Thompson,D116,Benefits Coordinator,PT,HOURLY,40.25,2013-12-14,,2013-12-14,9999-12-31,Y
97,E10071,Edward Scott,D111,Field Technician,FT,HOURLY,40.00,2015-10-16,,2015-10-16,2024-03-07,N
98,E10071,Edward Scott,D111,Field Technician,FT,HOURLY,40.00,2015-10-16,2024-03-08,2024-03-08,9999-12-31,Y
99,E10072,Patricia Tanaka,D109,Payroll Specialist,FT,HOURLY,19.50,2021-12-12,,2021-12-12,9999-12-31,Y
