work_date,dept_id,dept_name,cost_center,headcount,reg_hours,ot_hours,pto_hours,total_hours,ot_pct,employees_with_ot
2024-03-11,D101,Payroll Operations,CC-4100,1,0.00,0.00,0.00,0.00,0.00,0
2024-03-11,D102,Tax Filing Services,CC-4107,2,0.00,0.00,0.00,0.00,0.00,0
2024-03-11,D104,Client Onboarding,CC-4121,4,4.00,0.00,0.00,4.00,0.00,0
2024-03-11,D105,Implementation East,CC-4128,1,0.00,0.00,0.00,0.00,0.00,0
2024-03-11,D106,Implementation West,CC-4135,4,8.00,0.00,0.00,8.00,0.00,0
2024-03-11,D107,Customer Care Tier 1,CC-4142,1,0.00,0.00,0.00,0.00,0.00,0
2024-03-11,D108,Customer Care Tier 2,CC-4149,2,4.00,0.00,0.00,4.00,0.00,0
2024-03-11,D109,Workforce Analytics,CC-4156,5,8.00,0.00,0.00,8.00,0.00,0
2024-03-11,D110,Time and Attendance,CC-4163,4,0.00,0.00,0.00,0.00,0.00,0
2024-03-11,D111,HR Business Partners,CC-4170,1,8.00,0.00,0.00,8.00,0.00,0
2024-03-11,D112,Talent Acquisition,CC-4177,2,16.00,0.00,0.00,16.00,0.00,0
2024-03-11,D113,Learning and Development,CC-4184,2,0.00,0.00,0.00,0.00,0.00,0
2024-03-11,D114,Compensation,CC-4191,4,8.00,0.00,0.00,8.00,0.00,0
2024-03-11,D115,Retirement Services,CC-4198,2,0.00,0.00,0.00,0.00,0.00,0
2024-03-11,D116,Garnishment Processing,CC-4205,3,0.00,0.00,0.00,0.00,0.00,0
2024-03-11,D117,Money Movement,CC-4212,3,0.00,0.00,0.00,0.00,0.00,0
2024-03-11,D118,Treasury Operations,CC-4219,3,0.00,0.00,0.00,0.00,0.00,0
2024-03-11,D119,General Ledger,CC-4226,3,8.00,0.00,0.00,8.00,0.00,0
2024-03-11,D120,Accounts Payable,CC-4233,4,8.00,0.00,0.00,8.00,0.00,0
2024-03-11,D121,Accounts Receivable,CC-4240,1,8.00,0.00,0.00,8.00,0.00,0
2024-03-11,D122,Financial Planning,CC-4247,3,16.00,0.00,0.00,16.00,0.00,0
2024-03-11,D123,Internal Audit,CC-4254,3,0.00,0.00,0.00,0.00,0.00,0
2024-03-11,D124,Compliance Office,CC-4261,2,0.00,0.00,0.00,0.00,0.00,0
2024-03-11,D125,Data Privacy,CC-4268,4,8.00,0.00,0.00,8.00,0.00,0
2024-03-11,D126,Security Operations,CC-4275,1,0.00,0.00,0.00,0.00,0.00,0
2024-03-11,D127,Platform Engineering,CC-4282,1,4.00,0.00,0.00,4.00,0.00,0
2024-03-11,D128,Data Engineering,CC-4289,2,8.00,0.00,0.00,8.00,0.00,0
2024-03-11,D129,Mobile Engineering,CC-4296,3,8.00,0.00,0.00,8.00,0.00,0
2024-03-11,D130,QA Automation,CC-4303,2,0.00,0.00,0.00,0.00,0.00,0
2024-03-11,D131,Release Management,CC-4310,1,0.00,0.00,0.00,0.00,0.00,0
2024-03-11,D132,Site Reliability,CC-4317,2,0.00,0.00,0.00,0.00,0.00,0
2024-03-11,D133,Product Management Core,CC-4324,2,0.00,0.00,0.00,0.00,0.00,0
2024-03-11,D134,Product Management SMB,CC-4331,4,8.00,2.00,0.00,10.00,20.00,1
2024-03-11,D135,UX Research,CC-4338,2,0.00,0.00,0.00,0.00,0.00,0
2024-03-11,D136,Technical Writing,CC-4345,4,24.00,0.00,0.00,24.00,0.00,0
2024-03-11,D138,Sales Ops EMEA,CC-4359,1,4.00,4.00,0.00,8.00,50.00,1
2024-03-11,D139,Partner Channel,CC-4366,1,0.00,0.00,0.00,0.00,0.00,0
2024-03-11,D140,Marketing Ops,CC-4373,1,8.00,0.00,0.00,8.00,0.00,0
2024-03-11,D141,Field Services North,CC-4380,2,8.00,1.00,0.00,9.00,11.11,1
2024-03-11,D143,Print and Mail,CC-4394,2,0.00,0.00,0.00,0.00,0.00,0
2024-03-11,D144,Document Imaging,CC-4401,3,8.00,0.00,0.00,8.00,0.00,0
2024-03-11,D145,Facilities,CC-4408,2,0.00,0.00,0.00,0.00,0.00,0
2024-03-11,D146,Procurement,CC-4415,4,16.00,0.00,0.00,16.00,0.00,0
2024-03-11,D148,Executive Office,CC-4429,3,16.00,0.00,0.00,16.00,0.00,0
2024-03-11,D149,Legacy Mainframe Support,CC-4436,1,0.00,0.00,0.00,0.00,0.00,0
2024-03-11,D999,,,1,7.50,0.00,0.00,7.50,0.00,0
2024-03-12,D101,Payroll Operations,CC-4100,1,0.00,0.00,0.00,0.00,0.00,0
2024-03-12,D102,Tax Filing Services,CC-4107,2,0.00,0.00,0.00,0.00,0.00,0
2024-03-12,D104,Client Onboarding,CC-4121,4,4.00,0.00,0.00,4.00,0.00,0
2024-03-12,D105,Implementation East,CC-4128,1,0.00,0.00,0.00,0.00,0.00,0
2024-03-12,D106,Implementation West,CC-4135,4,8.00,0.00,0.00,8.00,0.00,0
2024-03-12,D107,Customer Care Tier 1,CC-4142,1,0.00,0.00,0.00,0.00,0.00,0
2024-03-12,D108,Customer Care Tier 2,CC-4149,2,4.00,0.00,0.00,4.00,0.00,0
2024-03-12,D109,Workforce Analytics,CC-4156,5,8.00,0.00,0.00,8.00,0.00,0
2024-03-12,D110,Time and Attendance,CC-4163,4,0.00,0.00,0.00,0.00,0.00,0
2024-03-12,D111,HR Business Partners,CC-4170,1,8.00,0.00,0.00,8.00,0.00,0
2024-03-12,D112,Talent Acquisition,CC-4177,2,16.00,0.00,0.00,16.00,0.00,0
2024-03-12,D113,Learning and Development,CC-4184,2,0.00,0.00,0.00,0.00,0.00,0
2024-03-12,D114,Compensation,CC-4191,4,8.00,0.00,0.00,8.00,0.00,0
2024-03-12,D115,Retirement Services,CC-4198,2,0.00,0.00,0.00,0.00,0.00,0
2024-03-12,D116,Garnishment Processing,CC-4205,3,0.00,0.00,0.00,0.00,0.00,0
2024-03-12,D117,Money Movement,CC-4212,3,0.00,0.00,0.00,0.00,0.00,0
2024-03-12,D118,Treasury Operations,CC-4219,3,0.00,0.00,0.00,0.00,0.00,0
2024-03-12,D119,General Ledger,CC-4226,3,0.00,0.00,8.00,8.00,0.00,0
2024-03-12,D120,Accounts Payable,CC-4233,4,8.00,1.00,0.00,9.00,11.11,1
2024-03-12,D121,Accounts Receivable,CC-4240,1,8.00,6.50,0.00,14.50,44.83,1
2024-03-12,D122,Financial Planning,CC-4247,3,15.50,0.00,0.00,15.50,0.00,0
2024-03-12,D123,Internal Audit,CC-4254,3,0.00,0.00,0.00,0.00,0.00,0
2024-03-12,D124,Compliance Office,CC-4261,2,0.00,0.00,0.00,0.00,0.00,0
2024-03-12,D125,Data Privacy,CC-4268,4,8.00,0.00,0.00,8.00,0.00,0
2024-03-12,D126,Security Operations,CC-4275,1,0.00,0.00,0.00,0.00,0.00,0
2024-03-12,D127,Platform Engineering,CC-4282,1,4.00,0.00,0.00,4.00,0.00,0
2024-03-12,D128,Data Engineering,CC-4289,2,8.00,0.00,0.00,8.00,0.00,0
2024-03-12,D129,Mobile Engineering,CC-4296,3,8.00,0.00,0.00,8.00,0.00,0
2024-03-12,D130,QA Automation,CC-4303,2,0.00,0.00,0.00,0.00,0.00,0
2024-03-12,D131,Release Management,CC-4310,1,0.00,0.00,0.00,0.00,0.00,0
2024-03-12,D132,Site Reliability,CC-4317,2,0.00,0.00,0.00,0.00,0.00,0
2024-03-12,D133,Product Management Core,CC-4324,2,0.00,0.00,0.00,0.00,0.00,0
2024-03-12,D134,Product Management SMB,CC-4331,4,8.00,0.00,0.00,8.00,0.00,0
2024-03-12,D135,UX Research,CC-4338,2,0.00,0.00,0.00,0.00,0.00,0
2024-03-12,D136,Technical Writing,CC-4345,4,24.00,1.00,0.00,25.00,4.00,1
2024-03-12,D138,Sales Ops EMEA,CC-4359,1,0.00,0.00,4.00,4.00,0.00,0
2024-03-12,D139,Partner Channel,CC-4366,1,0.00,0.00,0.00,0.00,0.00,0
2024-03-12,D140,Marketing Ops,CC-4373,1,7.50,0.00,0.00,7.50,0.00,0
2024-03-12,D141,Field Services North,CC-4380,2,8.00,2.00,0.00,10.00,20.00,1
2024-03-12,D143,Print and Mail,CC-4394,2,0.00,0.00,0.00,0.00,0.00,0
2024-03-12,D144,Document Imaging,CC-4401,3,8.00,0.00,0.00,8.00,0.00,0
2024-03-12,D145,Facilities,CC-4408,2,0.00,0.00,0.00,0.00,0.00,0
2024-03-12,D146,Procurement,CC-4415,4,8.00,1.50,0.00,17.50,8.57,1
2024-03-12,D148,Executive Office,CC-4429,3,16.00,3.00,0.00,19.00,15.79,1
2024-03-12,D149,Legacy Mainframe Support,CC-4436,1,0.00,0.00,0.00,0.00,0.00,0
2024-03-12,D999,,,1,8.00,0.00,0.00,8.00,0.00,0
2024-03-13,D101,Payroll Operations,CC-4100,2,7.50,0.00,0.00,7.50,0.00,0
2024-03-13,D102,Tax Filing Services,CC-4107,2,0.00,0.00,0.00,0.00,0.00,0
2024-03-13,D104,Client Onboarding,CC-4121,4,4.00,0.00,0.00,4.00,0.00,0
2024-03-13,D105,Implementation East,CC-4128,1,0.00,0.00,0.00,0.00,0.00,0
2024-03-13,D106,Implementation West,CC-4135,4,8.00,0.00,0.00,8.00,0.00,0
2024-03-13,D107,Customer Care Tier 1,CC-4142,1,0.00,0.00,0.00,0.00,0.00,0
2024-03-13,D108,Customer Care Tier 2,CC-4149,2,4.00,0.00,0.00,4.00,0.00,0
2024-03-13,D109,Workforce Analytics,CC-4156,5,8.00,0.00,0.00,8.00,0.00,0
2024-03-13,D110,Time and Attendance,CC-4163,4,0.00,0.00,0.00,0.00,0.00,0
2024-03-13,D111,HR Business Partners,CC-4170,1,8.00,0.00,0.00,8.00,0.00,0
2024-03-13,D112,Talent Acquisition,CC-4177,2,16.00,0.00,0.00,16.00,0.00,0
2024-03-13,D113,Learning and Development,CC-4184,2,0.00,0.00,0.00,0.00,0.00,0
2024-03-13,D114,Compensation,CC-4191,4,8.00,0.00,0.00,8.00,0.00,0
2024-03-13,D115,Retirement Services,CC-4198,2,0.00,0.00,0.00,0.00,0.00,0
2024-03-13,D116,Garnishment Processing,CC-4205,3,0.00,0.00,0.00,0.00,0.00,0
2024-03-13,D117,Money Movement,CC-4212,3,0.00,0.00,0.00,0.00,0.00,0
2024-03-13,D118,Treasury Operations,CC-4219,3,0.00,0.00,0.00,0.00,0.00,0
2024-03-13,D119,General Ledger,CC-4226,3,8.00,0.00,0.00,8.00,0.00,0
2024-03-13,D120,Accounts Payable,CC-4233,4,8.00,0.00,0.00,8.00,0.00,0
2024-03-13,D122,Financial Planning,CC-4247,3,15.50,0.00,0.00,15.50,0.00,0
2024-03-13,D123,Internal Audit,CC-4254,3,0.00,0.00,0.00,0.00,0.00,0
2024-03-13,D124,Compliance Office,CC-4261,2,0.00,0.00,0.00,0.00,0.00,0
2024-03-13,D125,Data Privacy,CC-4268,4,8.00,0.00,0.00,8.00,0.00,0
2024-03-13,D126,Security Operations,CC-4275,1,0.00,0.00,0.00,0.00,0.00,0
2024-03-13,D127,Platform Engineering,CC-4282,1,4.00,0.00,0.00,4.00,0.00,0
2024-03-13,D128,Data Engineering,CC-4289,2,8.00,0.00,0.00,8.00,0.00,0
2024-03-13,D129,Mobile Engineering,CC-4296,3,8.00,0.00,0.00,8.00,0.00,0
2024-03-13,D130,QA Automation,CC-4303,2,0.00,0.00,0.00,0.00,0.00,0
2024-03-13,D131,Release Management,CC-4310,2,8.00,0.00,0.00,8.00,0.00,0
2024-03-13,D132,Site Reliability,CC-4317,2,0.00,0.00,0.00,0.00,0.00,0
2024-03-13,D133,Product Management Core,CC-4324,2,0.00,0.00,0.00,0.00,0.00,0
2024-03-13,D134,Product Management SMB,CC-4331,3,0.00,0.00,0.00,0.00,0.00,0
2024-03-13,D135,UX Research,CC-4338,2,0.00,0.00,0.00,0.00,0.00,0
2024-03-13,D136,Technical Writing,CC-4345,2,0.00,0.00,8.00,8.00,0.00,0
2024-03-13,D138,Sales Ops EMEA,CC-4359,1,4.00,0.00,0.00,4.00,0.00,0
2024-03-13,D139,Partner Channel,CC-4366,1,0.00,0.00,0.00,0.00,0.00,0
2024-03-13,D140,Marketing Ops,CC-4373,1,8.00,0.00,0.00,8.00,0.00,0
2024-03-13,D141,Field Services North,CC-4380,2,8.00,0.00,0.00,8.00,0.00,0
2024-03-13,D143,Print and Mail,CC-4394,2,0.00,0.00,0.00,0.00,0.00,0
2024-03-13,D144,Document Imaging,CC-4401,3,8.00,0.00,0.00,8.00,0.00,0
2024-03-13,D145,Facilities,CC-4408,3,8.00,0.00,0.00,8.00,0.00,0
2024-03-13,D146,Procurement,CC-4415,4,16.00,0.00,0.00,16.00,0.00,0
2024-03-13,D148,Executive Office,CC-4429,3,15.50,2.00,0.00,17.50,11.43,1
2024-03-13,D149,Legacy Mainframe Support,CC-4436,1,0.00,0.00,0.00,0.00,0.00,0
2024-03-13,D999,,,1,8.00,0.00,0.00,8.00,0.00,0
2024-03-14,D101,Payroll Operations,CC-4100,2,8.00,0.00,0.00,8.00,0.00,0
2024-03-14,D102,Tax Filing Services,CC-4107,2,0.00,0.00,0.00,0.00,0.00,0
2024-03-14,D104,Client Onboarding,CC-4121,4,4.00,0.00,0.00,4.00,0.00,0
2024-03-14,D105,Implementation East,CC-4128,1,0.00,0.00,0.00,0.00,0.00,0
2024-03-14,D106,Implementation West,CC-4135,4,8.00,0.00,0.00,8.00,0.00,0
2024-03-14,D107,Customer Care Tier 1,CC-4142,1,0.00,0.00,0.00,0.00,0.00,0
2024-03-14,D108,Customer Care Tier 2,CC-4149,2,4.00,0.00,0.00,4.00,0.00,0
2024-03-14,D109,Workforce Analytics,CC-4156,5,8.00,0.00,0.00,8.00,0.00,0
2024-03-14,D110,Time and Attendance,CC-4163,4,0.00,0.00,0.00,0.00,0.00,0
2024-03-14,D111,HR Business Partners,CC-4170,1,8.00,0.00,0.00,8.00,0.00,0
2024-03-14,D112,Talent Acquisition,CC-4177,2,16.00,0.00,0.00,16.00,0.00,0
2024-03-14,D113,Learning and Development,CC-4184,2,0.00,0.00,0.00,0.00,0.00,0
2024-03-14,D114,Compensation,CC-4191,4,8.00,0.00,0.00,8.00,0.00,0
2024-03-14,D115,Retirement Services,CC-4198,2,0.00,0.00,0.00,0.00,0.00,0
2024-03-14,D116,Garnishment Processing,CC-4205,3,0.00,0.00,0.00,0.00,0.00,0
2024-03-14,D117,Money Movement,CC-4212,3,0.00,0.00,0.00,0.00,0.00,0
2024-03-14,D118,Treasury Operations,CC-4219,3,0.00,0.00,0.00,0.00,0.00,0
2024-03-14,D119,General Ledger,CC-4226,3,8.00,0.00,0.00,8.00,0.00,0
2024-03-14,D120,Accounts Payable,CC-4233,4,8.00,0.00,0.00,8.00,0.00,0
2024-03-14,D122,Financial Planning,CC-4247,3,16.00,0.00,0.00,16.00,0.00,0
2024-03-14,D123,Internal Audit,CC-4254,3,0.00,0.00,0.00,0.00,0.00,0
2024-03-14,D124,Compliance Office,CC-4261,2,0.00,0.00,0.00,0.00,0.00,0
2024-03-14,D125,Data Privacy,CC-4268,4,8.00,0.00,0.00,8.00,0.00,0
2024-03-14,D126,Security Operations,CC-4275,1,0.00,0.00,0.00,0.00,0.00,0
2024-03-14,D127,Platform Engineering,CC-4282,1,4.00,0.00,0.00,4.00,0.00,0
2024-03-14,D128,Data Engineering,CC-4289,2,8.00,0.00,0.00,8.00,0.00,0
2024-03-14,D129,Mobile Engineering,CC-4296,3,8.00,2.50,0.00,10.50,23.81,1
2024-03-14,D130,QA Automation,CC-4303,2,0.00,0.00,0.00,0.00,0.00,0
2024-03-14,D131,Release Management,CC-4310,2,8.00,3.00,0.00,11.00,27.27,1
2024-03-14,D132,Site Reliability,CC-4317,2,0.00,0.00,0.00,0.00,0.00,0
2024-03-14,D133,Product Management Core,CC-4324,2,0.00,0.00,0.00,0.00,0.00,0
2024-03-14,D134,Product Management SMB,CC-4331,3,0.00,0.00,8.00,8.00,0.00,0
2024-03-14,D135,UX Research,CC-4338,2,0.00,0.00,0.00,0.00,0.00,0
2024-03-14,D136,Technical Writing,CC-4345,2,8.00,0.00,0.00,8.00,0.00,0
2024-03-14,D138,Sales Ops EMEA,CC-4359,1,4.00,0.00,0.00,4.00,0.00,0
2024-03-14,D139,Partner Channel,CC-4366,1,0.00,0.00,0.00,0.00,0.00,0
2024-03-14,D140,Marketing Ops,CC-4373,1,8.00,0.00,0.00,8.00,0.00,0
2024-03-14,D141,Field Services North,CC-4380,2,8.00,0.00,0.00,8.00,0.00,0
2024-03-14,D143,Print and Mail,CC-4394,2,0.00,0.00,0.00,0.00,0.00,0
2024-03-14,D144,Document Imaging,CC-4401,3,8.00,0.00,0.00,8.00,0.00,0
2024-03-14,D145,Facilities,CC-4408,3,8.00,0.00,0.00,8.00,0.00,0
2024-03-14,D146,Procurement,CC-4415,4,8.00,0.00,8.00,16.00,0.00,0
2024-03-14,D148,Executive Office,CC-4429,3,8.00,0.00,8.00,16.00,0.00,0
2024-03-14,D149,Legacy Mainframe Support,CC-4436,1,0.00,0.00,0.00,0.00,0.00,0
2024-03-14,D999,,,1,8.00,3.00,0.00,11.00,27.27,1
2024-03-15,D101,Payroll Operations,CC-4100,2,8.00,2.00,0.00,10.00,20.00,1
2024-03-15,D102,Tax Filing Services,CC-4107,2,0.00,0.00,0.00,0.00,0.00,0
2024-03-15,D104,Client Onboarding,CC-4121,4,0.00,0.00,4.00,4.00,0.00,0
2024-03-15,D105,Implementation East,CC-4128,1,0.00,0.00,0.00,0.00,0.00,0
2024-03-15,D106,Implementation West,CC-4135,4,8.00,0.00,0.00,8.00,0.00,0
2024-03-15,D107,Customer Care Tier 1,CC-4142,1,0.00,0.00,0.00,0.00,0.00,0
2024-03-15,D108,Customer Care Tier 2,CC-4149,2,4.00,0.00,0.00,4.00,0.00,0
2024-03-15,D109,Workforce Analytics,CC-4156,5,8.00,0.00,0.00,8.00,0.00,0
2024-03-15,D110,Time and Attendance,CC-4163,4,0.00,0.00,0.00,0.00,0.00,0
2024-03-15,D111,HR Business Partners,CC-4170,1,8.00,0.00,0.00,8.00,0.00,0
2024-03-15,D112,Talent Acquisition,CC-4177,2,16.00,0.00,0.00,16.00,0.00,0
2024-03-15,D113,Learning and Development,CC-4184,2,0.00,0.00,0.00,0.00,0.00,0
2024-03-15,D114,Compensation,CC-4191,4,8.00,0.00,0.00,8.00,0.00,0
2024-03-15,D115,Retirement Services,CC-4198,2,0.00,0.00,0.00,0.00,0.00,0
2024-03-15,D116,Garnishment Processing,CC-4205,3,0.00,0.00,0.00,0.00,0.00,0
2024-03-15,D117,Money Movement,CC-4212,3,0.00,0.00,0.00,0.00,0.00,0
2024-03-15,D118,Treasury Operations,CC-4219,3,0.00,0.00,0.00,0.00,0.00,0
2024-03-15,D119,General Ledger,CC-4226,3,8.00,0.00,0.00,8.00,0.00,0
2024-03-15,D120,Accounts Payable,CC-4233,4,8.00,0.00,0.00,8.00,0.00,0
2024-03-15,D122,Financial Planning,CC-4247,2,8.00,0.00,0.00,8.00,0.00,0
2024-03-15,D123,Internal Audit,CC-4254,3,0.00,0.00,0.00,0.00,0.00,0
2024-03-15,D124,Compliance Office,CC-4261,2,0.00,0.00,0.00,0.00,0.00,0
2024-03-15,D125,Data Privacy,CC-4268,4,8.00,0.00,0.00,8.00,0.00,0
2024-03-15,D126,Security Operations,CC-4275,1,0.00,0.00,0.00,0.00,0.00,0
2024-03-15,D127,Platform Engineering,CC-4282,1,4.00,0.00,0.00,4.00,0.00,0
2024-03-15,D128,Data Engineering,CC-4289,2,8.00,0.00,0.00,8.00,0.00,0
2024-03-15,D129,Mobile Engineering,CC-4296,3,8.00,0.00,0.00,8.00,0.00,0
2024-03-15,D130,QA Automation,CC-4303,2,0.00,0.00,0.00,0.00,0.00,0
2024-03-15,D131,Release Management,CC-4310,2,8.00,0.00,0.00,8.00,0.00,0
2024-03-15,D132,Site Reliability,CC-4317,2,0.00,0.00,0.00,0.00,0.00,0
2024-03-15,D133,Product Management Core,CC-4324,2,0.00,0.00,0.00,0.00,0.00,0
2024-03-15,D134,Product Management SMB,CC-4331,3,0.00,0.00,0.00,0.00,0.00,0
2024-03-15,D135,UX Research,CC-4338,2,0.00,0.00,0.00,0.00,0.00,0
2024-03-15,D136,Technical Writing,CC-4345,2,8.00,0.00,0.00,8.00,0.00,0
2024-03-15,D138,Sales Ops EMEA,CC-4359,1,4.00,0.00,0.00,4.00,0.00,0
2024-03-15,D139,Partner Channel,CC-4366,1,0.00,0.00,0.00,0.00,0.00,0
2024-03-15,D140,Marketing Ops,CC-4373,1,8.00,0.00,0.00,8.00,0.00,0
2024-03-15,D141,Field Services North,CC-4380,2,8.00,2.00,0.00,10.00,20.00,1
2024-03-15,D143,Print and Mail,CC-4394,2,0.00,0.00,0.00,0.00,0.00,0
2024-03-15,D144,Document Imaging,CC-4401,3,8.00,3.00,0.00,11.00,27.27,1
2024-03-15,D145,Facilities,CC-4408,3,8.00,0.00,0.00,8.00,0.00,0
2024-03-15,D146,Procurement,CC-4415,4,16.00,2.50,0.00,18.50,13.51,1
2024-03-15,D148,Executive Office,CC-4429,3,16.00,0.00,0.00,16.00,0.00,0
2024-03-15,D149,Legacy Mainframe Support,CC-4436,1,0.00,0.00,0.00,0.00,0.00,0
2024-03-15,D999,,,1,8.00,0.00,0.00,8.00,0.00,0
