emp_id,dept_id,pay_type,hire_date,tenure_years,tenure_band,hire_cohort,ot_hours,ot_segment,cohort_tag
E10001,D148,HOURLY,2019-07-09,4,3TO5Y,FY20-Q1,3.00,SOME_OT,FY20-Q1_3TO5Y_SOME_OT
E10002,D131,HOURLY,2012-02-13,12,5YPLUS,FY12-Q3,9.50,HIGH_OT,FY12-Q3_5YPLUS_HIGH_OT
E10003,D112,HOURLY,2016-04-30,7,5YPLUS,FY16-Q4,0.00,NO_OT,FY16-Q4_5YPLUS_NO_OT
E10004,D122,HOURLY,2021-02-05,3,3TO5Y,FY21-Q3,0.00,NO_OT,FY21-Q3_3TO5Y_NO_OT
E10006,D140,HOURLY,2020-09-03,3,3TO5Y,FY21-Q1,0.00,NO_OT,FY21-Q1_3TO5Y_NO_OT
E10007,D117,SALARY,2019-12-01,4,3TO5Y,FY20-Q2,0.00,EXEMPT,FY20-Q2_3TO5Y_EXEMPT
E10008,D104,SALARY,2017-12-05,6,5YPLUS,FY18-Q2,0.00,EXEMPT,FY18-Q2_5YPLUS_EXEMPT
E10009,D108,SALARY,2020-11-06,3,3TO5Y,FY21-Q2,0.00,EXEMPT,FY21-Q2_3TO5Y_EXEMPT
E10010,D111,HOURLY,2016-01-03,8,5YPLUS,FY16-Q3,0.00,NO_OT,FY16-Q3_5YPLUS_NO_OT
E10011,D101,HOURLY,2018-04-15,5,5YPLUS,FY18-Q4,2.00,SOME_OT,FY18-Q4_5YPLUS_SOME_OT
E10012,D146,HOURLY,2016-08-08,7,5YPLUS,FY17-Q1,1.50,SOME_OT,FY17-Q1_5YPLUS_SOME_OT
E10013,D112,HOURLY,2017-03-28,6,5YPLUS,FY17-Q3,0.00,NO_OT,FY17-Q3_5YPLUS_NO_OT
E10014,D127,HOURLY,2014-08-27,9,5YPLUS,FY15-Q1,0.00,NO_OT,FY15-Q1_5YPLUS_NO_OT
E10016,D109,HOURLY,2016-06-17,7,5YPLUS,FY16-Q4,0.00,NO_OT,FY16-Q4_5YPLUS_NO_OT
E10017,D148,SALARY,2013-04-27,10,5YPLUS,FY13-Q4,0.00,EXEMPT,FY13-Q4_5YPLUS_EXEMPT
E10018,D114,SALARY,2015-06-10,8,5YPLUS,FY15-Q4,0.00,EXEMPT,FY15-Q4_5YPLUS_EXEMPT
E10019,D134,SALARY,2021-09-19,2,1TO3Y,FY22-Q1,0.00,EXEMPT,FY22-Q1_1TO3Y_EXEMPT
E10020,D106,HOURLY,2019-11-03,4,3TO5Y,FY20-Q2,0.00,NO_OT,FY20-Q2_3TO5Y_NO_OT
E10021,D104,HOURLY,2019-07-24,4,3TO5Y,FY20-Q1,0.00,NO_OT,FY20-Q1_3TO5Y_NO_OT
E10023,D129,HOURLY,2019-06-14,4,3TO5Y,FY19-Q4,2.50,SOME_OT,FY19-Q4_3TO5Y_SOME_OT
E10024,D145,HOURLY,2018-12-26,5,5YPLUS,FY19-Q2,1.00,SOME_OT,FY19-Q2_5YPLUS_SOME_OT
E10025,D136,HOURLY,2014-10-05,9,5YPLUS,FY15-Q2,0.00,NO_OT,FY15-Q2_5YPLUS_NO_OT
E10026,D144,HOURLY,2016-03-26,7,5YPLUS,FY16-Q3,3.00,SOME_OT,FY16-Q3_5YPLUS_SOME_OT
E10028,D144,SALARY,2022-04-23,1,1TO3Y,FY22-Q4,0.00,EXEMPT,FY22-Q4_1TO3Y_EXEMPT
E10029,D125,SALARY,2015-06-03,8,5YPLUS,FY15-Q4,0.00,EXEMPT,FY15-Q4_5YPLUS_EXEMPT
E10030,D128,HOURLY,2019-10-21,4,3TO5Y,FY20-Q2,0.00,NO_OT,FY20-Q2_3TO5Y_NO_OT
E10031,D146,HOURLY,2012-01-17,12,5YPLUS,FY12-Q3,2.50,SOME_OT,FY12-Q3_5YPLUS_SOME_OT
E10032,D119,HOURLY,2013-07-16,10,5YPLUS,FY14-Q1,0.00,NO_OT,FY14-Q1_5YPLUS_NO_OT
E10033,D141,HOURLY,2012-12-28,11,5YPLUS,FY13-Q2,5.00,SOME_OT,FY13-Q2_5YPLUS_SOME_OT
E10034,D114,HOURLY,2017-08-27,6,5YPLUS,FY18-Q1,0.00,NO_OT,FY18-Q1_5YPLUS_NO_OT
E10035,D108,HOURLY,2015-01-28,9,5YPLUS,FY15-Q3,0.00,NO_OT,FY15-Q3_5YPLUS_NO_OT
E10036,D125,HOURLY,2018-01-13,6,5YPLUS,FY18-Q3,0.00,NO_OT,FY18-Q3_5YPLUS_NO_OT
E10037,D130,SALARY,2019-11-29,4,3TO5Y,FY20-Q2,0.00,EXEMPT,FY20-Q2_3TO5Y_EXEMPT
E10039,D114,SALARY,2022-09-03,1,1TO3Y,FY23-Q1,0.00,EXEMPT,FY23-Q1_1TO3Y_EXEMPT
E10040,D148,HOURLY,2017-04-03,6,5YPLUS,FY17-Q4,2.00,SOME_OT,FY17-Q4_5YPLUS_SOME_OT
E10041,D120,HOURLY,2019-07-26,4,3TO5Y,FY20-Q1,1.00,SOME_OT,FY20-Q1_3TO5Y_SOME_OT
E10042,D138,HOURLY,2022-01-11,2,1TO3Y,FY22-Q3,4.00,SOME_OT,FY22-Q3_1TO3Y_SOME_OT
E10043,D122,HOURLY,2019-12-30,4,3TO5Y,FY20-Q2,0.00,NO_OT,FY20-Q2_3TO5Y_NO_OT
E10044,D119,HOURLY,2013-11-05,10,5YPLUS,FY14-Q2,0.00,NO_OT,FY14-Q2_5YPLUS_NO_OT
E10045,D149,HOURLY,2013-04-17,10,5YPLUS,FY13-Q4,0.00,NO_OT,FY13-Q4_5YPLUS_NO_OT
E10046,D118,HOURLY,2017-12-27,6,5YPLUS,FY18-Q2,0.00,NO_OT,FY18-Q2_5YPLUS_NO_OT
E10047,D117,SALARY,2017-08-25,6,5YPLUS,FY18-Q1,0.00,EXEMPT,FY18-Q1_5YPLUS_EXEMPT
E10048,D120,SALARY,2019-03-30,4,3TO5Y,FY19-Q3,0.00,EXEMPT,FY19-Q3_3TO5Y_EXEMPT
E10050,D115,HOURLY,2015-10-04,8,5YPLUS,FY16-Q2,0.00,NO_OT,FY16-Q2_5YPLUS_NO_OT
E10051,D110,HOURLY,2012-02-17,12,5YPLUS,FY12-Q3,0.00,NO_OT,FY12-Q3_5YPLUS_NO_OT
E10052,D133,HOURLY,2017-10-24,6,5YPLUS,FY18-Q2,0.00,NO_OT,FY18-Q2_5YPLUS_NO_OT
E10053,D129,HOURLY,2013-07-23,10,5YPLUS,FY14-Q1,0.00,NO_OT,FY14-Q1_5YPLUS_NO_OT
E10054,D143,HOURLY,2018-06-30,5,5YPLUS,FY18-Q4,0.00,NO_OT,FY18-Q4_5YPLUS_NO_OT
E10056,D134,HOURLY,2016-08-12,7,5YPLUS,FY17-Q1,0.00,NO_OT,FY17-Q1_5YPLUS_NO_OT
E10058,D110,SALARY,2021-09-26,2,1TO3Y,FY22-Q1,0.00,EXEMPT,FY22-Q1_1TO3Y_EXEMPT
E10059,D116,SALARY,2013-02-03,11,5YPLUS,FY13-Q3,0.00,EXEMPT,FY13-Q3_5YPLUS_EXEMPT
E10060,D109,HOURLY,2012-04-16,11,5YPLUS,FY12-Q4,0.00,NO_OT,FY12-Q4_5YPLUS_NO_OT
E10061,D125,HOURLY,2012-04-16,11,5YPLUS,FY12-Q4,0.00,NO_OT,FY12-Q4_5YPLUS_NO_OT
E10062,D109,HOURLY,2016-01-12,8,5YPLUS,FY16-Q3,0.00,NO_OT,FY16-Q3_5YPLUS_NO_OT
E10064,D113,HOURLY,2021-01-03,3,3TO5Y,FY21-Q3,0.00,NO_OT,FY21-Q3_3TO5Y_NO_OT
E10065,D115,HOURLY,2014-02-25,10,5YPLUS,FY14-Q3,0.00,NO_OT,FY14-Q3_5YPLUS_NO_OT
E10066,D104,HOURLY,2018-08-29,5,5YPLUS,FY19-Q1,0.00,NO_OT,FY19-Q1_5YPLUS_NO_OT
E10067,D145,SALARY,2018-07-01,5,5YPLUS,FY19-Q1,0.00,EXEMPT,FY19-Q1_5YPLUS_EXEMPT
E10069,D106,SALARY,2017-05-25,6,5YPLUS,FY17-Q4,0.00,EXEMPT,FY17-Q4_5YPLUS_EXEMPT
E10070,D116,HOURLY,2013-12-14,10,5YPLUS,FY14-Q2,0.00,NO_OT,FY14-Q2_5YPLUS_NO_OT
E10072,D109,HOURLY,2021-12-12,2,1TO3Y,FY22-Q2,0.00,NO_OT,FY22-Q2_1TO3Y_NO_OT
E10073,D134,HOURLY,2014-07-12,9,5YPLUS,FY15-Q1,0.00,NO_OT,FY15-Q1_5YPLUS_NO_OT
E10074,D109,HOURLY,2018-03-26,5,5YPLUS,FY18-Q3,0.00,NO_OT,FY18-Q3_5YPLUS_NO_OT
E10075,D123,HOURLY,2014-07-31,9,5YPLUS,FY15-Q1,0.00,NO_OT,FY15-Q1_5YPLUS_NO_OT
E10076,D999,HOURLY,2013-01-30,11,5YPLUS,FY13-Q3,3.00,SOME_OT,FY13-Q3_5YPLUS_SOME_OT
E10077,D125,SALARY,2015-08-08,8,5YPLUS,FY16-Q1,0.00,EXEMPT,FY16-Q1_5YPLUS_EXEMPT
E10078,D106,SALARY,2021-07-08,2,1TO3Y,FY22-Q1,0.00,EXEMPT,FY22-Q1_1TO3Y_EXEMPT
E10079,D129,SALARY,2017-07-18,6,5YPLUS,FY18-Q1,0.00,EXEMPT,FY18-Q1_5YPLUS_EXEMPT
E10080,D118,HOURLY,2019-02-25,5,5YPLUS,FY19-Q3,0.00,NO_OT,FY19-Q3_5YPLUS_NO_OT
E10082,D144,HOURLY,2017-07-13,6,5YPLUS,FY18-Q1,0.00,NO_OT,FY18-Q1_5YPLUS_NO_OT
E10083,D119,HOURLY,2020-06-03,3,3TO5Y,FY20-Q4,0.00,NO_OT,FY20-Q4_3TO5Y_NO_OT
E10084,D106,HOURLY,2021-09-15,2,1TO3Y,FY22-Q1,0.00,NO_OT,FY22-Q1_1TO3Y_NO_OT
E10085,D117,HOURLY,2022-11-23,1,1TO3Y,FY23-Q2,0.00,NO_OT,FY23-Q2_1TO3Y_NO_OT
E10086,D141,HOURLY,2014-05-30,9,5YPLUS,FY14-Q4,0.00,NO_OT,FY14-Q4_5YPLUS_NO_OT
E10087,D101,SALARY,2021-10-29,2,1TO3Y,FY22-Q2,0.00,EXEMPT,FY22-Q2_1TO3Y_EXEMPT
E10088,D102,SALARY,2020-05-03,3,3TO5Y,FY20-Q4,0.00,EXEMPT,FY20-Q4_3TO5Y_EXEMPT
E10089,D120,SALARY,2013-12-24,10,5YPLUS,FY14-Q2,0.00,EXEMPT,FY14-Q2_5YPLUS_EXEMPT
E10090,D104,HOURLY,2017-09-03,6,5YPLUS,FY18-Q1,0.00,NO_OT,FY18-Q1_5YPLUS_NO_OT
E10091,D124,HOURLY,2017-08-26,6,5YPLUS,FY18-Q1,0.00,NO_OT,FY18-Q1_5YPLUS_NO_OT
E10092,D114,HOURLY,2021-08-05,2,1TO3Y,FY22-Q1,0.00,NO_OT,FY22-Q1_1TO3Y_NO_OT
E10093,D113,HOURLY,2022-05-01,1,1TO3Y,FY22-Q4,0.00,NO_OT,FY22-Q4_1TO3Y_NO_OT
E10094,D132,HOURLY,2015-05-04,8,5YPLUS,FY15-Q4,0.00,NO_OT,FY15-Q4_5YPLUS_NO_OT
E10095,D139,HOURLY,2017-11-17,6,5YPLUS,FY18-Q2,0.00,NO_OT,FY18-Q2_5YPLUS_NO_OT
E10096,D123,HOURLY,2020-10-18,3,3TO5Y,FY21-Q2,0.00,NO_OT,FY21-Q2_3TO5Y_NO_OT
E10097,D128,SALARY,2014-04-27,9,5YPLUS,FY14-Q4,0.00,EXEMPT,FY14-Q4_5YPLUS_EXEMPT
E10098,D135,SALARY,2020-09-10,3,3TO5Y,FY21-Q1,0.00,EXEMPT,FY21-Q1_3TO5Y_EXEMPT
E10099,D146,SALARY,2019-11-10,4,3TO5Y,FY20-Q2,0.00,EXEMPT,FY20-Q2_3TO5Y_EXEMPT
E10100,D132,HOURLY,2016-01-20,8,5YPLUS,FY16-Q3,0.00,NO_OT,FY16-Q3_5YPLUS_NO_OT
E10101,D120,HOURLY,2019-01-13,5,5YPLUS,FY19-Q3,0.00,NO_OT,FY19-Q3_5YPLUS_NO_OT
E10102,D105,HOURLY,2013-12-17,10,5YPLUS,FY14-Q2,0.00,NO_OT,FY14-Q2_5YPLUS_NO_OT
E10103,D135,HOURLY,2014-02-20,10,5YPLUS,FY14-Q3,0.00,NO_OT,FY14-Q3_5YPLUS_NO_OT
E10104,D110,HOURLY,2018-06-09,5,5YPLUS,FY18-Q4,0.00,NO_OT,FY18-Q4_5YPLUS_NO_OT
E10105,D131,HOURLY,2023-06-23,0,LT1Y,FY23-Q4,0.00,NO_OT,FY23-Q4_LT1Y_NO_OT
E10106,D146,HOURLY,2023-12-03,0,LT1Y,FY24-Q2,0.00,NO_OT,FY24-Q2_LT1Y_NO_OT
E10107,D116,SALARY,2023-07-13,0,LT1Y,FY24-Q1,0.00,EXEMPT,FY24-Q1_LT1Y_EXEMPT
E10108,D136,SALARY,2023-06-12,0,LT1Y,FY23-Q4,0.00,EXEMPT,FY23-Q4_LT1Y_EXEMPT
E10109,D126,SALARY,2023-12-04,0,LT1Y,FY24-Q2,0.00,EXEMPT,FY24-Q2_LT1Y_EXEMPT
E10110,D145,HOURLY,2023-05-29,0,LT1Y,FY23-Q4,0.00,NO_OT,FY23-Q4_LT1Y_NO_OT
E10111,D133,HOURLY,2023-12-13,0,LT1Y,FY24-Q2,0.00,NO_OT,FY24-Q2_LT1Y_NO_OT
E10112,D130,HOURLY,2023-06-11,0,LT1Y,FY23-Q4,0.00,NO_OT,FY23-Q4_LT1Y_NO_OT
E10113,D143,HOURLY,2024-01-08,0,LT1Y,FY24-Q3,0.00,NO_OT,FY24-Q3_LT1Y_NO_OT
E10114,D107,HOURLY,2024-01-22,0,LT1Y,FY24-Q3,0.00,NO_OT,FY24-Q3_LT1Y_NO_OT
E10115,D110,HOURLY,2024-02-05,0,LT1Y,FY24-Q3,0.00,NO_OT,FY24-Q3_LT1Y_NO_OT
E10116,D118,HOURLY,2024-02-19,0,LT1Y,FY24-Q3,0.00,NO_OT,FY24-Q3_LT1Y_NO_OT
E10117,D102,SALARY,2024-03-01,0,LT1Y,FY24-Q3,0.00,EXEMPT,FY24-Q3_LT1Y_EXEMPT
E10118,D123,SALARY,2024-03-04,0,LT1Y,FY24-Q3,0.00,EXEMPT,FY24-Q3_LT1Y_EXEMPT
E10119,D124,SALARY,2024-03-11,0,LT1Y,FY24-Q3,0.00,EXEMPT,FY24-Q3_LT1Y_EXEMPT
