pay_period_start,pay_period_end,cost_center,region,employee_count,total_hours,ot_hours,gross_pay
2024-03-11,2024-03-15,CC-4100,NA-EAST,1,41.50,2.00,1402.50
2024-03-11,2024-03-15,CC-4121,APAC,1,20.00,0.00,365.00
2024-03-11,2024-03-15,CC-4135,NA-EAST,1,40.00,0.00,1530.00
2024-03-11,2024-03-15,CC-4149,NA-WEST,1,20.00,0.00,645.00
2024-03-11,2024-03-15,CC-4156,APAC,1,40.00,0.00,1540.00
2024-03-11,2024-03-15,CC-4170,NA-EAST,1,40.00,0.00,1390.00
2024-03-11,2024-03-15,CC-4177,EMEA,2,80.00,0.00,2510.00
2024-03-11,2024-03-15,CC-4191,APAC,1,40.00,0.00,650.00
2024-03-11,2024-03-15,CC-4226,APAC,1,40.00,0.00,940.00
2024-03-11,2024-03-15,CC-4233,NA-CENTRAL,1,41.00,1.00,1047.88
2024-03-11,2024-03-15,CC-4247,EMEA,2,71.00,0.00,2109.25
2024-03-11,2024-03-15,CC-4268,NA-CENTRAL,1,40.00,0.00,1610.00
2024-03-11,2024-03-15,CC-4282,EMEA,1,20.00,0.00,615.00
2024-03-11,2024-03-15,CC-4289,NA-WEST,1,40.00,0.00,950.00
2024-03-11,2024-03-15,CC-4296,APAC,1,42.50,2.50,1432.81
2024-03-11,2024-03-15,CC-4310,NA-EAST,1,49.50,9.50,1247.75
2024-03-11,2024-03-15,CC-4331,APAC,1,26.00,2.00,600.75
2024-03-11,2024-03-15,CC-4345,NA-EAST,1,40.00,0.00,870.00
2024-03-11,2024-03-15,CC-4359,NA-WEST,1,24.00,4.00,1053.00
2024-03-11,2024-03-15,CC-4373,NA-CENTRAL,1,39.50,0.00,1283.75
2024-03-11,2024-03-15,CC-4380,NA-EAST,1,45.00,5.00,1175.63
2024-03-11,2024-03-15,CC-4401,APAC,1,43.00,3.00,1246.00
2024-03-11,2024-03-15,CC-4408,NA-CENTRAL,1,41.00,1.00,1566.63
2024-03-11,2024-03-15,CC-4415,NA-EAST,2,84.00,4.00,2366.81
2024-03-11,2024-03-15,CC-4429,NA-WEST,2,84.50,5.00,2530.25
