pay_period_start,pay_period_end,emp_id,full_name,dept_id,dept_name,cost_center,hourly_rate,reg_hours,ot_hours,pto_hours,total_hours,gross_pay,ot_flag
2024-03-11,2024-03-15,E10001,Robert Martinez,D148,Executive Office,CC-4429,36.25,31.50,3.00,8.00,42.50,1595.00,Y
2024-03-11,2024-03-15,E10002,George Rossi,D131,Release Management,CC-4310,23.00,40.00,9.50,0.00,49.50,1247.75,Y
2024-03-11,2024-03-15,E10003,David Walker,D112,Talent Acquisition,CC-4177,24.75,40.00,0.00,0.00,40.00,990.00,N
2024-03-11,2024-03-15,E10004,Chloe Young,D122,Financial Planning,CC-4247,21.50,39.50,0.00,0.00,39.50,849.25,N
2024-03-11,2024-03-15,E10005,James Jones,D134,Product Management SMB,CC-4331,22.25,24.00,2.00,0.00,26.00,600.75,Y
2024-03-11,2024-03-15,E10006,Anthony Thompson,D140,Marketing Ops,CC-4373,32.50,39.50,0.00,0.00,39.50,1283.75,N
2024-03-11,2024-03-15,E10010,Richard Lewis,D111,HR Business Partners,CC-4170,34.75,40.00,0.00,0.00,40.00,1390.00,N
2024-03-11,2024-03-15,E10011,Kenji Brown,D101,Payroll Operations,CC-4100,33.00,39.50,2.00,0.00,41.50,1402.50,Y
2024-03-11,2024-03-15,E10012,James Johnson,D146,Procurement,CC-4415,30.00,32.00,1.50,8.00,41.50,1267.50,Y
2024-03-11,2024-03-15,E10013,Kenji Thompson,D112,Talent Acquisition,CC-4177,38.00,40.00,0.00,0.00,40.00,1520.00,N
2024-03-11,2024-03-15,E10014,Olga Jones,D127,Platform Engineering,CC-4282,30.75,20.00,0.00,0.00,20.00,615.00,N
2024-03-11,2024-03-15,E10016,Chloe Davis,D109,Workforce Analytics,CC-4156,38.50,40.00,0.00,0.00,40.00,1540.00,N
2024-03-11,2024-03-15,E10020,Karen Lee,D106,Implementation West,CC-4135,38.25,40.00,0.00,0.00,40.00,1530.00,N
2024-03-11,2024-03-15,E10021,Chloe Sanchez,D104,Client Onboarding,CC-4121,18.25,16.00,0.00,4.00,20.00,365.00,N
2024-03-11,2024-03-15,E10022,Richard Moore,D122,Financial Planning,CC-4247,40.00,31.50,0.00,0.00,31.50,1260.00,N
2024-03-11,2024-03-15,E10023,Hannah Perez,D129,Mobile Engineering,CC-4296,32.75,40.00,2.50,0.00,42.50,1432.81,Y
2024-03-11,2024-03-15,E10024,Sarah Kowalski,D145,Facilities,CC-4408,37.75,40.00,1.00,0.00,41.00,1566.63,Y
2024-03-11,2024-03-15,E10025,Robert Lopez,D136,Technical Writing,CC-4345,21.75,32.00,0.00,8.00,40.00,870.00,N
2024-03-11,2024-03-15,E10026,Thomas Martin,D144,Document Imaging,CC-4401,28.00,40.00,3.00,0.00,43.00,1246.00,Y
2024-03-11,2024-03-15,E10030,Kevin Young,D128,Data Engineering,CC-4289,23.75,40.00,0.00,0.00,40.00,950.00,N
2024-03-11,2024-03-15,E10031,Sofia Lewis,D146,Procurement,CC-4415,30.75,32.00,2.50,0.00,42.50,1099.31,Y
2024-03-11,2024-03-15,E10032,Patricia Hernandez,D119,General Ledger,CC-4226,23.50,32.00,0.00,8.00,40.00,940.00,N
2024-03-11,2024-03-15,E10033,Edward Torres,D141,Field Services North,CC-4380,24.75,40.00,5.00,0.00,45.00,1175.63,Y
2024-03-11,2024-03-15,E10034,Edward Sanchez,D114,Compensation,CC-4191,16.25,40.00,0.00,0.00,40.00,650.00,N
2024-03-11,2024-03-15,E10035,Olga Ramirez,D108,Customer Care Tier 2,CC-4149,32.25,20.00,0.00,0.00,20.00,645.00,N
2024-03-11,2024-03-15,E10036,Ingrid King,D125,Data Privacy,CC-4268,40.25,40.00,0.00,0.00,40.00,1610.00,N
2024-03-11,2024-03-15,E10040,James Rodriguez,D148,Executive Office,CC-4429,21.75,40.00,2.00,0.00,42.00,935.25,Y
2024-03-11,2024-03-15,E10041,Joseph Haddad,D120,Accounts Payable,CC-4233,25.25,40.00,1.00,0.00,41.00,1047.88,Y
2024-03-11,2024-03-15,E10042,Richard Patel,D138,Sales Ops EMEA,CC-4359,40.50,16.00,4.00,4.00,24.00,1053.00,Y
