dept_id,dept_name,cost_center,division,region,is_active
D101,Payroll Operations,CC-4100,OPERATIONS,NA-EAST,Y
D102,Tax Filing Services,CC-4107,FINANCE,EMEA,Y
D103,Benefits Administration,CC-4114,TECHNOLOGY,NA-WEST,Y
D104,Client Onboarding,CC-4121,GO-TO-MARKET,APAC,Y
D105,Implementation East,CC-4128,CORPORATE,NA-CENTRAL,Y
D106,Implementation West,CC-4135,OPERATIONS,NA-EAST,Y
D107,Customer Care Tier 1,CC-4142,FINANCE,EMEA,Y
D108,Customer Care Tier 2,CC-4149,TECHNOLOGY,NA-WEST,Y
D109,Workforce Analytics,CC-4156,GO-TO-MARKET,APAC,Y
D110,Time and Attendance,CC-4163,CORPORATE,NA-CENTRAL,Y
D111,HR Business Partners,CC-4170,OPERATIONS,NA-EAST,Y
D112,Talent Acquisition,CC-4177,FINANCE,EMEA,Y
D113,Learning and Development,CC-4184,TECHNOLOGY,NA-WEST,Y
D114,Compensation,CC-4191,GO-TO-MARKET,APAC,Y
D115,Retirement Services,CC-4198,CORPORATE,NA-CENTRAL,Y
D116,Garnishment Processing,CC-4205,OPERATIONS,NA-EAST,Y
D117,Money Movement,CC-4212,FINANCE,EMEA,Y
D118,Treasury Operations,CC-4219,TECHNOLOGY,NA-WEST,Y
D119,General Ledger,CC-4226,GO-TO-MARKET,APAC,Y
D120,Accounts Payable,CC-4233,CORPORATE,NA-CENTRAL,Y
D121,Accounts Receivable,CC-4240,OPERATIONS,NA-EAST,Y
D122,Financial Planning,CC-4247,FINANCE,EMEA,Y
D123,Internal Audit,CC-4254,TECHNOLOGY,NA-WEST,Y
D124,Compliance Office,CC-4261,GO-TO-MARKET,APAC,Y
D125,Data Privacy,CC-4268,CORPORATE,NA-CENTRAL,Y
D126,Security Operations,CC-4275,OPERATIONS,NA-EAST,Y
D127,Platform Engineering,CC-4282,FINANCE,EMEA,Y
D128,Data Engineering,CC-4289,TECHNOLOGY,NA-WEST,Y
D129,Mobile Engineering,CC-4296,GO-TO-MARKET,APAC,Y
D130,QA Automation,CC-4303,CORPORATE,NA-CENTRAL,Y
D131,Release Management,CC-4310,OPERATIONS,NA-EAST,Y
D132,Site Reliability,CC-4317,FINANCE,EMEA,Y
D133,Product Management Core,CC-4324,TECHNOLOGY,NA-WEST,Y
D134,Product Management SMB,CC-4331,GO-TO-MARKET,APAC,Y
D135,UX Research,CC-4338,CORPORATE,NA-CENTRAL,Y
D136,Technical Writing,CC-4345,OPERATIONS,NA-EAST,Y
D137,Sales Ops NA,CC-4352,FINANCE,EMEA,Y
D138,Sales Ops EMEA,CC-4359,TECHNOLOGY,NA-WEST,Y
D139,Partner Channel,CC-4366,GO-TO-MARKET,APAC,Y
D140,Marketing Ops,CC-4373,CORPORATE,NA-CENTRAL,Y
D141,Field Services North,CC-4380,OPERATIONS,NA-EAST,Y
D142,Field Services South,CC-4387,FINANCE,EMEA,Y
D143,Print and Mail,CC-4394,TECHNOLOGY,NA-WEST,Y
D144,Document Imaging,CC-4401,GO-TO-MARKET,APAC,Y
D145,Facilities,CC-4408,CORPORATE,NA-CENTRAL,Y
D146,Procurement,CC-4415,OPERATIONS,NA-EAST,Y
D147,Legal Operations,CC-4422,FINANCE,EMEA,Y
D148,Executive Office,CC-4429,TECHNOLOGY,NA-WEST,Y
D149,Legacy Mainframe Support,CC-4436,GO-TO-MARKET,APAC,N
D150,PEO Integration,CC-4443,CORPORATE,NA-CENTRAL,N
