timecard_id,emp_id,work_date,pay_code,hours,approved_flag,submitted_ts,source_system
TC2403034,E10024,03/14/2024,REG,8.0,Y,2024-03-14 17:04:49,ADP_WFN
TC2403050,E10003,03/13/2024,REG,8,Y,2024-03-13 17:01:04,KRONOS
TC2403049,E10003,03/12/2024,Reg ,8.0,Y,2024-03-12 17:16:21,KRONOS
TC2403130,E10034,03/11/2024,REG,8.0,Y,2024-03-11 17:37:30,KRONOS
TC2403036,E10076,03/11/2024,REG,8.0,Y,2024-03-11 17:57:14,ADP_WFN
TC2403054,E10006,03/12/2024,REG,7.5,Y,2024-03-13 09:47:00,KRONOS
TC2403056,E10006,03/14/2024,REG,8.0,Y,2024-03-14 17:33:56,KRONOS
TC2403043,E10001,03/12/2024,REG,8.0,Y,2024-03-12 17:38:30,KRONOS
TC2403010,E10004,03/14/2024,REG,8.0,Y,2024-03-14 17:50:05,ADP_WFN
TC2403061,E10010,03/14/2024,REG,8.0,Y,2024-03-14 17:38:50,KRONOS
TC2403163,E10019,03/14/2024,PTO,8.0,Y,2024-03-14 17:39:43,KRONOS
TC2403119,E10032,03/13/2024,REG,8.0,Y,2024-03-13 17:12:57,ADP_WFN
TC2403097,E10025,03/13/2024,PTO,8.0,Y,2024-03-13 17:21:08,KRONOS
TC2403082,E10020,03/14/2024,Reg ,8.0,Y,2024-03-14 17:22:51,ADP_WFN
TC2403171,E10011,03/11/2024,OT,2.0,N,2024-03-11 17:15:51,KRONOS
TC2403133,E10034,03/14/2024,REG,8.0,Y,2024-03-14 17:43:47,KRONOS
TC2403113,E10031,03/13/2024,REG,8.0,Y,2024-03-13 17:24:17,KRONOS
TC2403145,E10040,03/11/2024,REG,8.0,Y,2024-03-11 17:09:33,ADP_WFN
TC2403078,E10016,03/15/2024,REG,8.0,Y,2024-03-15 17:13:29,ADP_WFN
TC2403057,E10006,03/15/2024,REG,8.0,Y,2024-03-15 17:32:39,KRONOS
TC2403115,E10031,03/15/2024,Reg ,8,Y,2024-03-15 17:31:23,KRONOS
TC2403024,E10013,03/14/2024,REG,8,Y,2024-03-14 17:21:01,KRONOS
TC2403072,E10014,03/14/2024,REG,4.0,Y,2024-03-14 17:59:56,KRONOS
TC2403012,E10005,03/11/2024,REG,8.0,Y,2024-03-11 17:05:31,KRONOS
TC2403131,E10034,03/12/2024,REG,8.0,Y,2024-03-12 17:40:58,KRONOS
TC2403169,E10024,03/14/2024,OT,2.0,N,2024-03-14 17:14:46,ADP_WFN
TC2403071,E10014,03/13/2024,reg,4.0,Y,2024-03-13 17:54:00,KRONOS
TC2403026,E10022,03/11/2024,REG,8.0,Y,2024-03-11 17:02:43,KRONOS
TC2403002,E10002,03/12/2024,REG,8.0,Y,2024-03-12 17:09:02,KRONOS
TC2403153,E10041,03/12/2024,OT,1.0,Y,2024-03-12 17:16:54,KRONOS
TC2403036,E10076,03/11/2024,REG,7.5,Y,2024-03-12 09:03:00,ADP_WFN
TC2403114,E10031,03/14/2024,REG,8.0,Y,2024-03-14 17:25:30,KRONOS
TC2403156,E10041,03/15/2024,REG,8.0,Y,2024-03-15 17:40:19,KRONOS
TC2403138,E10035,03/14/2024,REG,4.0,Y,2024-03-14 17:08:25,KRONOS
TC2403152,E10041,03/12/2024,REG,8.0,Y,2024-03-12 17:38:49,KRONOS
TC2403062,E10010,03/15/2024,REG,8.0,Y,2024-03-15 17:08:36,KRONOS
TC2403047,E10001,03/15/2024,REG,8.0,Y,2024-03-15 17:11:56,KRONOS
TC2403106,E10030,03/11/2024,REG,8.0,Y,2024-03-11 17:39:14,KRONOS
TC2403028,E10022,03/13/2024,REG,8.0,Y,2024-03-13 17:32:08,KRONOS
TC2403014,E10005,03/12/2024,REG,8.0,Y,2024-03-12 17:02:52,KRONOS
TC2403042,E10001,03/11/2024,REG,8.0,Y,2024-03-11 17:52:24,KRONOS
TC2403096,E10025,03/12/2024,REG,8.0,Y,2024-03-12 17:13:14,KRONOS
TC2403091,E10023,03/13/2024,REG,8.0,Y,2024-03-13 17:28:19,KRONOS
TC2403175,E10022,03/08/2024,REG,8.0,Y,2024-03-08 17:11:53,KRONOS
TC2403173,E10004,03/08/2024,REG,8.0,Y,2024-03-08 17:54:35,ADP_WFN
TC2403105,E10026,03/15/2024,OT,3.0,Y,2024-03-15 17:03:05,KRONOS
TC2403107,E10030,03/12/2024,REG,8.0,Y,2024-03-12 17:49:57,KRONOS
TC2403179,E99999,03/13/2024,OT,1.5,Y,2024-03-13 17:20:09,KRONOS
TC2403021,E10013,03/11/2024,REG,8.0,Y,2024-03-11 17:15:43,KRONOS
TC2403086,E10021,03/13/2024,REG,4.0,Y,2024-03-13 17:02:07,KRONOS
TC2403037,E10076,03/12/2024,REG,8,Y,2024-03-12 17:37:40,ADP_WFN
TC2403161,E10042,03/14/2024,REG,4.0,Y,2024-03-14 17:54:41,KRONOS
TC2403067,E10012,03/14/2024,PTO,8.0,Y,2024-03-14 17:31:55,ADP_WFN
TC2403052,E10003,03/15/2024,REG,8.0,Y,2024-03-15 17:05:01,KRONOS
TC2403122,E10033,03/11/2024,REG,8.0,Y,2024-03-11 17:37:35,KRONOS
TC2403055,E10006,03/13/2024,REG,8.0,Y,2024-03-13 17:06:03,KRONOS
TC2403063,E10012,03/11/2024,REG,8,Y,2024-03-11 17:55:11,ADP_WFN
TC2403054,E10006,03/12/2024,REG,8.0,Y,2024-03-12 17:38:06,KRONOS
TC2403137,E10035,03/13/2024,reg,4.0,Y,2024-03-13 17:40:31,KRONOS
TC2403108,E10030,03/13/2024,REG,8.0,Y,2024-03-13 17:16:09,KRONOS
TC2403035,E10024,03/15/2024,REG,8.0,Y,2024-03-15 17:33:52,ADP_WFN
TC2403023,E10013,03/13/2024,REG,8.0,Y,2024-03-13 17:52:33,KRONOS
TC2403001,E10002,03/11/2024,REG,8.0,Y,2024-03-11 17:40:19,KRONOS
TC2403008,E10004,03/12/2024,REG,8.0,Y,2024-03-12 17:51:05,ADP_WFN
TC2403101,E10026,03/12/2024,REG,8.0,Y,2024-03-12 17:32:31,KRONOS
TC2403020,E10011,03/15/2024,REG,8.0,Y,2024-03-15 17:46:39,KRONOS
TC2403159,E10042,03/12/2024,PTO,4.0,Y,2024-03-12 17:41:00,KRONOS
TC2403136,E10035,03/12/2024,REG,4.0,Y,2024-03-12 17:44:29,KRONOS
TC2403166,E10011,03/15/2024,DT,2.0,Y,2024-03-15 17:18:13,KRONOS
TC2403060,E10010,03/13/2024, REG,8.0,Y,2024-03-13 17:19:36,KRONOS
TC2403077,E10016,03/14/2024,REG,8.0,Y,2024-03-14 17:38:50,ADP_WFN
TC2403058,E10010,03/11/2024,REG,8.0,Y,2024-03-11 17:37:37,KRONOS
TC2403120,E10032,03/14/2024,REG,8.0,Y,2024-03-14 17:43:52,ADP_WFN
TC2403155,E10041,03/14/2024,REG,8.0,Y,2024-03-14 17:30:39,KRONOS
TC2403038,E10076,03/13/2024,reg,8.0,Y,2024-03-13 17:54:41,ADP_WFN
TC2403174,E10013,03/08/2024,REG,8.0,Y,2024-03-08 17:41:29,KRONOS
TC2403154,E10041,03/13/2024,REG,8,Y,2024-03-13 17:30:30,KRONOS
TC2403116,E10031,03/15/2024,OT,2.5,Y,2024-03-15 17:05:08,KRONOS
TC2403016,E10011,03/11/2024,Reg ,8.0,Y,2024-03-11 17:00:40,KRONOS
TC2403009,E10004,03/13/2024,REG,7.5,Y,2024-03-14 09:07:00,ADP_WFN
TC2403029,E10022,03/14/2024,REG,8.0,Y,2024-03-14 17:38:05,KRONOS
TC2403102,E10026,03/13/2024,REG,8,Y,2024-03-13 17:44:10,KRONOS
TC2403172,E10076,03/13/2024,OT,2.0,N,2024-03-13 17:24:10,ADP_WFN
TC2403170,E10002,03/15/2024, ot,2.0,N,2024-03-15 17:19:19,KRONOS
TC2403073,E10014,03/15/2024,REG,4.0,Y,2024-03-15 17:52:54,KRONOS
TC2403079,E10020,03/11/2024,REG,8.0,Y,2024-03-11 17:37:08,ADP_WFN
TC2403044,E10001,03/12/2024,OT,3.0,Y,2024-03-12 17:30:01,KRONOS
TC2403117,E10032,03/11/2024,REG,8.0,Y,2024-03-11 17:34:04,ADP_WFN
TC2403095,E10025,03/11/2024,REG,8.0,Y,2024-03-11 17:42:19,KRONOS
TC2403111,E10031,03/11/2024,REG,8.0,Y,2024-03-11 17:38:05,KRONOS
TC2403123,E10033,03/11/2024,OT,1.0,Y,2024-03-11 17:30:07,KRONOS
TC2403134,E10034,03/15/2024,REG,8.0,Y,2024-03-15 17:06:09,KRONOS
TC2403143,E10036,03/14/2024,REG,8.0,Y,2024-03-14 17:40:23,ADP_WFN
TC2403076,E10016,03/13/2024,REG,8,Y,2024-03-13 17:33:24,ADP_WFN
TC2403100,E10026,03/11/2024,REG,8.0,Y,2024-03-11 17:14:05,KRONOS
TC2403051,E10003,03/14/2024,REG,8.0,Y,2024-03-14 17:05:38,KRONOS
TC2403098,E10025,03/14/2024,REG,8.0,Y,2024-03-14 17:36:03,KRONOS
TC2403039,E10076,03/14/2024,REG,8.0,Y,2024-03-14 17:45:21,ADP_WFN
TC2403064,E10012,03/12/2024,REG,8.0,Y,2024-03-12 17:19:15,ADP_WFN
TC2403165,E10002,03/14/2024,OT,3.0,Y,2024-03-14 17:18:22,KRONOS
TC2403103,E10026,03/14/2024,REG,8.0,Y,2024-03-14 17:24:00,KRONOS
TC2403074,E10016,03/11/2024,REG,8.0,Y,2024-03-11 17:43:02,ADP_WFN
TC2403032,E10024,03/12/2024,OT,1.0,Y,2024-03-12 17:15:46,ADP_WFN
TC2403127,E10033,03/14/2024,REG,8.0,Y,2024-03-14 17:25:01,KRONOS
TC2403041,E10076,03/15/2024,REG,8.0,Y,2024-03-15 17:23:35,ADP_WFN
TC2403125,E10033,03/12/2024,DT,2.0,Y,2024-03-12 17:19:26,KRONOS
TC2403075,E10016,03/12/2024,REG,8.0,Y,2024-03-12 17:59:37,ADP_WFN
TC2403110,E10030,03/15/2024,REG,8.0,Y,2024-03-15 17:18:50,KRONOS
TC2403045,E10001,03/13/2024,REG,7.5,Y,2024-03-14 09:22:00,KRONOS
TC2403092,E10023,03/14/2024,REG,8.0,Y,2024-03-14 17:55:14,KRONOS
TC2403048,E10003,03/11/2024,REG,8.0,Y,2024-03-11 17:45:58,KRONOS
TC2403088,E10021,03/15/2024,PTO,4.0,Y,2024-03-15 17:47:29,KRONOS
TC2403019,E10011,03/14/2024,REG,8.0,Y,2024-03-14 17:19:41,KRONOS
TC2403144,E10036,03/15/2024,REG,8.0,Y,2024-03-15 17:52:12,ADP_WFN
TC2403009,E10004,03/13/2024,REG,8.0,Y,2024-03-13 17:12:51,ADP_WFN
TC2403139,E10035,03/15/2024,REG,4.0,Y,2024-03-15 17:02:07,KRONOS
TC2403176,E10002,03/18/2024,REG,8.0,Y,2024-03-18 17:16:48,KRONOS
TC2403178,E99999,03/12/2024,REG,8.0,Y,2024-03-12 17:46:32,KRONOS
TC2403069,E10014,03/11/2024,REG,4.0,Y,2024-03-11 17:48:40,KRONOS
TC2403167,E10004,03/12/2024,OT,2.0,N,2024-03-12 17:31:01,ADP_WFN
TC2403084,E10021,03/11/2024,REG,4.0,Y,2024-03-11 17:57:39,KRONOS
TC2403164,E10002,03/12/2024,OT,2.5,Y,2024-03-12 17:45:17,KRONOS
TC2403083,E10020,03/15/2024,REG,8.0,Y,2024-03-15 17:33:35,ADP_WFN
TC2403025,E10013,03/15/2024,REG,8.0,Y,2024-03-15 17:23:38,KRONOS
TC2403128,E10033,03/15/2024,REG,8,Y,2024-03-15 17:51:01,KRONOS
TC2403081,E10020,03/13/2024,REG,8.0,Y,2024-03-13 17:34:30,ADP_WFN
TC2403132,E10034,03/13/2024,REG,8.0,Y,2024-03-13 17:21:29,KRONOS
TC2403150,E10040,03/15/2024,REG,8.0,Y,2024-03-15 17:40:57,ADP_WFN
TC2403068,E10012,03/15/2024,REG,8.0,Y,2024-03-15 17:47:47,ADP_WFN
TC2403085,E10021,03/12/2024,REG,4.00,Y,2024-03-12 17:21:44,KRONOS
TC2403148,E10040,03/13/2024,Ot,2.0,Y,2024-03-13 17:09:15,ADP_WFN
TC2403033,E10024,03/13/2024,REG,8.0,Y,2024-03-13 17:18:58,ADP_WFN
TC2403090,E10023,03/12/2024,REG,8.0,Y,2024-03-12 17:52:22,KRONOS
TC2403018,E10011,03/13/2024,REG,7.5,Y,2024-03-14 09:06:00,KRONOS
TC2403151,E10041,03/11/2024,REG,8.0,Y,2024-03-11 17:39:41,KRONOS
TC2403147,E10040,03/13/2024,REG,8.0,Y,2024-03-13 17:15:54,ADP_WFN
TC2403135,E10035,03/11/2024,REG,4.00,Y,2024-03-11 17:47:27,KRONOS
TC2403046,E10001,03/14/2024,PTO,8.0,Y,2024-03-14 17:58:31,KRONOS
TC2403118,E10032,03/12/2024,PTO,8.0,Y,2024-03-12 17:06:01,ADP_WFN
TC2403141,E10036,03/12/2024,REG,8,Y,2024-03-12 17:53:00,ADP_WFN
TC2403104,E10026,03/15/2024,reg,8.0,Y,2024-03-15 17:31:04,KRONOS
TC2403031,E10024,03/12/2024,REG,8.0,Y,2024-03-12 17:38:02,ADP_WFN
TC2403006,E10002,03/15/2024,REG,8.0,Y,2024-03-15 17:22:33,KRONOS
TC2403065,E10012,03/12/2024,OT,1.5,Y,2024-03-12 17:27:20,ADP_WFN
TC2403124,E10033,03/12/2024,REG,8.0,Y,2024-03-12 17:13:08,KRONOS
TC2403168,E10013,03/13/2024,OT,2.0,N,2024-03-13 17:32:26,KRONOS
TC2403109,E10030,03/14/2024,REG,8.0,Y,2024-03-14 17:08:24,KRONOS
TC2403158,E10042,03/11/2024,OT,4.0,Y,2024-03-11 17:28:31,KRONOS
TC2403007,E10004,03/11/2024,REG,8.0,Y,2024-03-11 17:17:35,ADP_WFN
TC2403066,E10012,03/13/2024,REG,8.0,Y,2024-03-13 17:22:16,ADP_WFN
TC2403093,E10023,03/14/2024,ot ,2.5,Y,2024-03-14 17:43:00,KRONOS
TC2403129,E10033,03/15/2024,DT,2.0,Y,2024-03-15 17:07:09,KRONOS
TC2403003,E10002,03/12/2024,OT,4.0,Y,2024-03-12 17:41:49,KRONOS
TC2403087,E10021,03/14/2024,REG,4.0,Y,2024-03-14 17:44:08,KRONOS
TC2403018,E10011,03/13/2024,REG,8.0,Y,2024-03-13 17:33:14,KRONOS
TC2403094,E10023,03/15/2024,REG,8.0,Y,2024-03-15 17:05:44,KRONOS
TC2403013,E10005,03/11/2024,DT,2.0,Y,2024-03-11 17:50:18,KRONOS
TC2403099,E10025,03/15/2024,REG,8.0,Y,2024-03-15 17:42:02,KRONOS
TC2403126,E10033,03/13/2024, REG,8.0,Y,2024-03-13 17:17:37,KRONOS
TC2403080,E10020,03/12/2024,REG,8.0,Y,2024-03-12 17:35:20,ADP_WFN
TC2403142,E10036,03/13/2024,REG,8.0,Y,2024-03-13 17:07:19,ADP_WFN
TC2403027,E10022,03/12/2024, REG,8.0,Y,2024-03-12 17:35:55,KRONOS
TC2403089,E10023,03/11/2024,REG,8,Y,2024-03-11 17:45:17,KRONOS
TC2403162,E10042,03/15/2024,REG,4.0,Y,2024-03-15 17:11:57,KRONOS
TC2403149,E10040,03/14/2024,REG,8.0,Y,2024-03-14 17:06:58,ADP_WFN
TC2403140,E10036,03/11/2024,REG,8.0,Y,2024-03-11 17:58:36,ADP_WFN
TC2403017,E10011,03/12/2024,REG,8.0,Y,2024-03-12 17:45:00,KRONOS
TC2403160,E10042,03/13/2024,REG,4.00,Y,2024-03-13 17:51:32,KRONOS
TC2403015,E10005,03/14/2024,REG,8.0,Y,2024-03-14 17:06:25,KRONOS
TC2403045,E10001,03/13/2024,REG,8.0,Y,2024-03-13 17:03:51,KRONOS
TC2403022,E10013,03/12/2024,REG,8.0,Y,2024-03-12 17:44:16,KRONOS
TC2403070,E10014,03/12/2024,REG,4.00,Y,2024-03-12 17:06:22,KRONOS
TC2403011,E10004,03/15/2024,REG,8,Y,2024-03-15 17:43:41,ADP_WFN
TC2403030,E10024,03/11/2024,REG,8.0,Y,2024-03-11 17:49:17,ADP_WFN
TC2403005,E10002,03/14/2024,reg,8.0,Y,2024-03-14 17:43:34,KRONOS
TC2403059,E10010,03/12/2024,REG,8.0,Y,2024-03-12 17:32:56,KRONOS
TC2403157,E10042,03/11/2024,REG,4.0,Y,2024-03-11 17:34:08,KRONOS
TC2403121,E10032,03/15/2024,REG,8.0,Y,2024-03-15 17:29:15,ADP_WFN
TC2403177,E10024,03/18/2024,REG,8.0,Y,2024-03-18 17:18:15,ADP_WFN
TC2403004,E10002,03/13/2024,REG,8.0,Y,2024-03-13 17:23:04,KRONOS
TC2403112,E10031,03/12/2024,JURY,8.0,Y,2024-03-12 17:07:16,KRONOS
TC2403040,E10076,03/14/2024,OT,3.0,Y,2024-03-14 17:16:49,ADP_WFN
TC2403146,E10040,03/12/2024,REG,8.0,Y,2024-03-12 17:49:43,ADP_WFN
TC2403027,E10022,03/12/2024, REG,7.5,Y,2024-03-13 09:53:00,KRONOS
TC2403053,E10006,03/11/2024,REG,8.0,Y,2024-03-11 17:59:46,KRONOS
